INSERT INTO alumnos(nombre, apellidos, email,create_at) VALUES('ALUMNO1', 'APELLIDO1', 'email1@asdf.com',NOW());
INSERT INTO alumnos(nombre, apellidos, email,create_at) VALUES('ALUMNO2', 'APELLIDO2', 'email2@asdf.com',NOW());
INSERT INTO alumnos(nombre, apellidos, email,create_at) VALUES('ALUMNO3', 'APELLIDO3', 'email3@asdf.com',NOW());
INSERT INTO alumnos(nombre, apellidos, email,create_at) VALUES('ALUMNO4', 'APELLIDO4', 'email4@asdf.com',NOW());
INSERT INTO alumnos(nombre, apellidos, email,create_at) VALUES('ALUMNO5', 'APELLIDO5', 'email5@asdf.com',NOW());
INSERT INTO alumnos(nombre, apellidos, email,create_at) VALUES('ALUMNO6', 'APELLIDO6', 'email6@asdf.com',NOW());
INSERT INTO alumnos(nombre, apellidos, email,create_at) VALUES('ALUMNO7', 'APELLIDO7', 'email7@asdf.com',NOW());
INSERT INTO alumnos(nombre, apellidos, email,create_at) VALUES('ALUMNO8', 'APELLIDO8', 'email8@asdf.com',NOW());
INSERT INTO cursos(nombre, create_at) VALUES('Curso1',NOW());
INSERT INTO cursos(nombre, create_at) VALUES('Curso2',NOW());
INSERT INTO cursos(nombre, create_at) VALUES('Curso3',NOW());
INSERT INTO cursos(nombre, create_at) VALUES('Curso4',NOW());
INSERT INTO cursos(nombre, create_at) VALUES('Curso5',NOW());
INSERT INTO cursos(nombre, create_at) VALUES('Curso6',NOW());
INSERT INTO cursos_alumnos(curso_id,alumnos_id) VALUES(1,1);
INSERT INTO cursos_alumnos(curso_id,alumnos_id) VALUES(1,2);
INSERT INTO cursos_alumnos(curso_id,alumnos_id) VALUES(2,3);
INSERT INTO cursos_alumnos(curso_id,alumnos_id) VALUES(2,4);
INSERT INTO cursos_alumnos(curso_id,alumnos_id) VALUES(3,5);
INSERT INTO cursos_alumnos(curso_id,alumnos_id) VALUES(3,6);
INSERT INTO asignaturas (id, nombre, padre_id) VALUES(1,'Matemáticas',NULL)
INSERT INTO asignaturas (id, nombre, padre_id) VALUES(2,'Lenguaje',NULL)
INSERT INTO asignaturas (id, nombre, padre_id) VALUES(3,'Inglés',NULL)
INSERT INTO asignaturas (id, nombre, padre_id) VALUES(4,'Ciencias Naturales',NULL)
INSERT INTO asignaturas (id, nombre, padre_id) VALUES(5,'Ciencias Sociales y Historia',NULL)
INSERT INTO asignaturas (id, nombre, padre_id) VALUES(6,'Música',NULL)
INSERT INTO asignaturas (id, nombre, padre_id) VALUES(7,'Artes',NULL)
INSERT INTO asignaturas (id, nombre, padre_id) VALUES(8, 'Algebra', 1)
INSERT INTO asignaturas (id, nombre, padre_id) VALUES(9, 'Aritmética', 1)
INSERT INTO asignaturas (id, nombre, padre_id) VALUES(10, 'Trigonometría', 1)
INSERT INTO asignaturas (id, nombre, padre_id) VALUES	(11, 'Lectura y comprensión', 2)
INSERT INTO examenes (id, nombre, create_at,asignatura_id) VALUES (1,'examen de matematicas1',NOW(),1)
INSERT INTO examenes (id, nombre, create_at,asignatura_id) VALUES (2,'examen de matematicas2',NOW(),1)
INSERT INTO examenes (id, nombre, create_at,asignatura_id) VALUES (3,'examen de ingles1',NOW(),2)
INSERT INTO examenes (id, nombre, create_at,asignatura_id) VALUES (4,'examen de ingles2',NOW(),2)
INSERT INTO preguntas (id,texto,examen_id) VALUES (1,'texto examen1',1)
INSERT INTO preguntas (id,texto,examen_id) VALUES (2,'texto examen2',2)
INSERT INTO preguntas (id,texto,examen_id) VALUES (3,'texto examen3',3)
INSERT INTO preguntas (id,texto,examen_id) VALUES (4,'texto examen4',4)
INSERT INTO cursos_examenes(curso_id,examenes_id) VALUES (1,1)
INSERT INTO cursos_examenes(curso_id,examenes_id) VALUES (1,2)
INSERT INTO cursos_examenes(curso_id,examenes_id) VALUES (2,3)
INSERT INTO cursos_examenes(curso_id,examenes_id) VALUES (2,4)



